,aggregatable,aiPredictionField,autoNumber,byteLength,calculated,calculatedFormula,cascadeDelete,caseSensitive,compoundFieldName,controllerName,createable,custom,defaultValue,defaultValueFormula,defaultedOnCreate,dependentPicklist,deprecatedAndHidden,digits,displayLocationInDecimal,encrypted,externalId,extraTypeInfo,filterable,filteredLookupInfo,formulaTreatNullNumberAsZero,groupable,highScaleNumber,htmlFormatted,idLookup,inlineHelpText,label,length,mask,maskType,name,nameField,namePointing,nillable,permissionable,picklistValues,polymorphicForeignKey,precision,queryByDistance,referenceTargetField,referenceTo,relationshipName,relationshipOrder,requiredOnCreate,restrictedDelete,restrictedPicklist,scale,searchPrefilterable,soapType,sobject,sortable,type,unique,updateable,writeRequiresMasterRead
AccountId,True,False,False,18,False,,False,False,,,False,False,,,False,False,False,0,False,False,False,,True,,False,True,False,False,False,,Account ID,18,,,AccountId,False,False,True,False,[],False,0,False,,['Account'],Account,,False,False,False,0,True,tns:ID,Task,True,reference,False,False,False
ActivityDate,False,False,False,0,False,,False,False,,,True,False,,,False,False,False,0,False,False,False,,True,,False,True,False,False,False,,Due Date Only,0,,,ActivityDate,False,False,True,True,[],False,0,False,,[],,,False,False,False,0,False,xsd:date,Task,True,date,False,True,False
CallDisposition,True,False,False,765,False,,False,False,,,True,False,,,False,False,False,0,False,False,False,,True,,False,True,False,False,False,,Call Result,255,,,CallDisposition,False,False,True,False,[],False,0,False,,[],,,False,False,False,0,False,xsd:string,Task,True,string,False,True,False
CallDurationInSeconds,True,False,False,0,False,,False,False,,,True,False,,,False,False,False,8,False,False,False,,True,,False,True,False,False,False,,Call Duration,0,,,CallDurationInSeconds,False,False,True,False,[],False,0,False,,[],,,False,False,False,0,False,xsd:int,Task,True,int,False,True,False
CallObject,True,False,False,765,False,,False,False,,,True,False,,,False,False,False,0,False,False,False,,True,,False,True,False,False,False,,Call Object Identifier,255,,,CallObject,False,False,True,False,[],False,0,False,,[],,,False,False,False,0,False,xsd:string,Task,True,string,False,True,False
CallType,True,False,False,120,False,,False,False,,,True,False,,,False,False,False,0,False,False,False,,True,,False,True,False,False,False,,Call Type,40,,,CallType,False,False,True,False,"[{'active': True, 'defaultValue': False, 'label': 'Internal', 'validFor': None, 'value': 'Internal'}, {'active': True, 'defaultValue': False, 'label': 'Inbound', 'validFor': None, 'value': 'Inbound'}, {'active': True, 'defaultValue': False, 'label': 'Outbound', 'validFor': None, 'value': 'Outbound'}]",False,0,False,,[],,,False,False,True,0,False,xsd:string,Task,True,picklist,False,True,False
CompletedDateTime,True,False,False,0,False,,False,False,,,False,False,,,False,False,False,0,False,False,False,,True,,False,False,False,False,False,,Completed Date/Time,0,,,CompletedDateTime,False,False,True,False,[],False,0,False,,[],,,False,False,False,0,False,xsd:dateTime,Task,True,datetime,False,False,False
CreatedById,True,False,False,18,False,,False,False,,,False,False,,,True,False,False,0,False,False,False,,True,,False,True,False,False,False,,Created By ID,18,,,CreatedById,False,False,False,False,[],False,0,False,,['User'],CreatedBy,,False,False,False,0,False,tns:ID,Task,True,reference,False,False,False
CreatedDate,True,False,False,0,False,,False,False,,,False,False,,,True,False,False,0,False,False,False,,True,,False,False,False,False,False,,Created Date,0,,,CreatedDate,False,False,False,False,[],False,0,False,,[],,,False,False,False,0,False,xsd:dateTime,Task,True,datetime,False,False,False
Description,False,False,False,96000,False,,False,False,,,True,False,,,False,False,False,0,False,False,False,plaintextarea,False,,False,False,False,False,False,,Description,32000,,,Description,False,False,True,True,[],False,0,False,,[],,,False,False,False,0,False,xsd:string,Task,False,textarea,False,True,False
Id,True,False,False,18,False,,False,False,,,False,False,,,True,False,False,0,False,False,False,,True,,False,True,False,False,True,,Activity ID,18,,,Id,False,False,False,False,[],False,0,False,,[],,,False,False,False,0,False,tns:ID,Task,True,id,False,False,False
IsArchived,False,False,False,0,False,,False,False,,,False,False,0,,True,False,False,0,False,False,False,,True,,False,True,False,False,False,,Archived,0,,,IsArchived,False,False,False,False,[],False,0,False,,[],,,False,False,False,0,False,xsd:boolean,Task,True,boolean,False,False,False
IsClosed,False,False,False,0,False,,False,False,,,False,False,0,,True,False,False,0,False,False,False,,True,,False,True,False,False,False,,Closed,0,,,IsClosed,False,False,False,False,[],False,0,False,,[],,,False,False,False,0,False,xsd:boolean,Task,True,boolean,False,False,False
IsDeleted,False,False,False,0,False,,False,False,,,False,False,0,,True,False,False,0,False,False,False,,True,,False,True,False,False,False,,Deleted,0,,,IsDeleted,False,False,False,False,[],False,0,False,,[],,,False,False,False,0,False,xsd:boolean,Task,True,boolean,False,False,False
IsHighPriority,False,False,False,0,False,,False,False,,,False,False,0,,True,False,False,0,False,False,False,,True,,False,True,False,False,False,,High Priority,0,,,IsHighPriority,False,False,False,False,[],False,0,False,,[],,,False,False,False,0,False,xsd:boolean,Task,True,boolean,False,False,False
IsRecurrence,False,False,False,0,False,,False,False,,,True,False,0,,True,False,False,0,False,False,False,,True,,False,True,False,False,False,,Create Recurring Series of Tasks,0,,,IsRecurrence,False,False,False,False,[],False,0,False,,[],,,False,False,False,0,False,xsd:boolean,Task,True,boolean,False,False,False
IsReminderSet,False,False,False,0,False,,False,False,,,True,False,0,,True,False,False,0,False,False,False,,True,,False,True,False,False,False,,Reminder Set,0,,,IsReminderSet,False,False,False,False,[],False,0,False,,[],,,False,False,False,0,False,xsd:boolean,Task,True,boolean,False,True,False
LastModifiedById,True,False,False,18,False,,False,False,,,False,False,,,True,False,False,0,False,False,False,,True,,False,True,False,False,False,,Last Modified By ID,18,,,LastModifiedById,False,False,False,False,[],False,0,False,,['User'],LastModifiedBy,,False,False,False,0,False,tns:ID,Task,True,reference,False,False,False
LastModifiedDate,True,False,False,0,False,,False,False,,,False,False,,,True,False,False,0,False,False,False,,True,,False,False,False,False,False,,Last Modified Date,0,,,LastModifiedDate,False,False,False,False,[],False,0,False,,[],,,False,False,False,0,False,xsd:dateTime,Task,True,datetime,False,False,False
OwnerId,True,False,False,18,False,,False,False,,,True,False,,,True,False,False,0,False,False,False,,True,,False,True,False,False,False,,Assigned To ID,18,,,OwnerId,False,True,False,False,[],True,0,False,,"['Group', 'User']",Owner,,False,False,False,0,False,tns:ID,Task,True,reference,False,True,False
Priority,True,False,False,60,False,,False,False,,,True,False,Normal,,True,False,False,0,False,False,False,,True,,False,True,False,False,False,,Priority,20,,,Priority,False,False,False,False,"[{'active': True, 'defaultValue': False, 'label': 'High', 'validFor': None, 'value': 'High'}, {'active': True, 'defaultValue': True, 'label': 'Normal', 'validFor': None, 'value': 'Normal'}, {'active': True, 'defaultValue': False, 'label': 'Low', 'validFor': None, 'value': 'Low'}]",False,0,False,,[],,,False,False,False,0,False,xsd:string,Task,True,picklist,False,True,False
RecurrenceActivityId,True,False,False,18,False,,False,False,,,False,False,,,False,False,False,0,False,False,False,,True,,False,True,False,False,False,,Recurrence Activity ID,18,,,RecurrenceActivityId,False,False,True,False,[],False,0,False,,['Task'],,,False,False,False,0,False,tns:ID,Task,True,reference,False,False,False
RecurrenceDayOfMonth,True,False,False,0,False,,False,False,,,True,False,,,False,False,False,9,False,False,False,,True,,False,True,False,False,False,,Recurrence Day of Month,0,,,RecurrenceDayOfMonth,False,False,True,False,[],False,0,False,,[],,,False,False,False,0,False,xsd:int,Task,True,int,False,True,False
RecurrenceDayOfWeekMask,True,False,False,0,False,,False,False,,,True,False,,,False,False,False,9,False,False,False,,True,,False,True,False,False,False,,Recurrence Day of Week Mask,0,,,RecurrenceDayOfWeekMask,False,False,True,False,[],False,0,False,,[],,,False,False,False,0,False,xsd:int,Task,True,int,False,True,False
RecurrenceEndDateOnly,True,False,False,0,False,,False,False,,,True,False,,,False,False,False,0,False,False,False,,True,,False,True,False,False,False,,Recurrence End,0,,,RecurrenceEndDateOnly,False,False,True,False,[],False,0,False,,[],,,False,False,False,0,False,xsd:date,Task,True,date,False,True,False
RecurrenceInstance,True,False,False,120,False,,False,False,,,True,False,,,False,False,False,0,False,False,False,,True,,False,True,False,False,False,,Recurrence Instance,40,,,RecurrenceInstance,False,False,True,False,"[{'active': True, 'defaultValue': False, 'label': '1st', 'validFor': None, 'value': 'First'}, {'active': True, 'defaultValue': False, 'label': '2nd', 'validFor': None, 'value': 'Second'}, {'active': True, 'defaultValue': False, 'label': '3rd', 'validFor': None, 'value': 'Third'}, {'active': True, 'defaultValue': False, 'label': '4th', 'validFor': None, 'value': 'Fourth'}, {'active': True, 'defaultValue': False, 'label': 'last', 'validFor': None, 'value': 'Last'}]",False,0,False,,[],,,False,False,True,0,False,xsd:string,Task,True,picklist,False,True,False
RecurrenceInterval,True,False,False,0,False,,False,False,,,True,False,,,False,False,False,9,False,False,False,,True,,False,True,False,False,False,,Recurrence Interval,0,,,RecurrenceInterval,False,False,True,False,[],False,0,False,,[],,,False,False,False,0,False,xsd:int,Task,True,int,False,True,False
RecurrenceMonthOfYear,True,False,False,120,False,,False,False,,,True,False,,,False,False,False,0,False,False,False,,True,,False,True,False,False,False,,Recurrence Month of Year,40,,,RecurrenceMonthOfYear,False,False,True,False,"[{'active': True, 'defaultValue': False, 'label': 'January', 'validFor': None, 'value': 'January'}, {'active': True, 'defaultValue': False, 'label': 'February', 'validFor': None, 'value': 'February'}, {'active': True, 'defaultValue': False, 'label': 'March', 'validFor': None, 'value': 'March'}, {'active': True, 'defaultValue': False, 'label': 'April', 'validFor': None, 'value': 'April'}, {'active': True, 'defaultValue': False, 'label': 'May', 'validFor': None, 'value': 'May'}, {'active': True, 'defaultValue': False, 'label': 'June', 'validFor': None, 'value': 'June'}, {'active': True, 'defaultValue': False, 'label': 'July', 'validFor': None, 'value': 'July'}, {'active': True, 'defaultValue': False, 'label': 'August', 'validFor': None, 'value': 'August'}, {'active': True, 'defaultValue': False, 'label': 'September', 'validFor': None, 'value': 'September'}, {'active': True, 'defaultValue': False, 'label': 'October', 'validFor': None, 'value': 'October'}, {'active': True, 'defaultValue': False, 'label': 'November', 'validFor': None, 'value': 'November'}, {'active': True, 'defaultValue': False, 'label': 'December', 'validFor': None, 'value': 'December'}]",False,0,False,,[],,,False,False,True,0,False,xsd:string,Task,True,picklist,False,True,False
RecurrenceRegeneratedType,True,False,False,120,False,,False,False,,,True,False,,,False,False,False,0,False,False,False,,True,,False,True,False,False,False,,Repeat This Task,40,,,RecurrenceRegeneratedType,False,False,True,False,"[{'active': True, 'defaultValue': False, 'label': 'After due date', 'validFor': None, 'value': 'RecurrenceRegenerateAfterDueDate'}, {'active': True, 'defaultValue': False, 'label': 'After date completed', 'validFor': None, 'value': 'RecurrenceRegenerateAfterToday'}, {'active': True, 'defaultValue': False, 'label': '(Task Closed)', 'validFor': None, 'value': 'RecurrenceRegenerated'}]",False,0,False,,[],,,False,False,True,0,False,xsd:string,Task,True,picklist,False,True,False
RecurrenceStartDateOnly,True,False,False,0,False,,False,False,,,True,False,,,False,False,False,0,False,False,False,,True,,False,True,False,False,False,,Recurrence Start,0,,,RecurrenceStartDateOnly,False,False,True,False,[],False,0,False,,[],,,False,False,False,0,False,xsd:date,Task,True,date,False,True,False
RecurrenceTimeZoneSidKey,True,False,False,120,False,,False,False,,,True,False,,,False,False,False,0,False,False,False,,True,,False,True,False,False,False,,Recurrence Time Zone,40,,,RecurrenceTimeZoneSidKey,False,False,True,False,"[{'active': True, 'defaultValue': False, 'label': '(GMT+14:00) Line Islands Time (Pacific/Kiritimati)', 'validFor': None, 'value': 'Pacific/Kiritimati'}, {'active': True, 'defaultValue': False, 'label': '(GMT+13:00) Apia Standard Time (Pacific/Apia)', 'validFor': None, 'value': 'Pacific/Apia'}, {'active': True, 'defaultValue': False, 'label': '(GMT+13:00) Phoenix Islands Time (Pacific/Enderbury)', 'validFor': None, 'value': 'Pacific/Enderbury'}, {'active': True, 'defaultValue': False, 'label': '(GMT+13:00) Tokelau Time (Pacific/Fakaofo)', 'validFor': None, 'value': 'Pacific/Fakaofo'}, {'active': True, 'defaultValue': False, 'label': '(GMT+13:00) Tonga Standard Time (Pacific/Tongatapu)', 'validFor': None, 'value': 'Pacific/Tongatapu'}, {'active': True, 'defaultValue': False, 'label': '(GMT+12:45) Chatham Standard Time (Pacific/Chatham)', 'validFor': None, 'value': 'Pacific/Chatham'}, {'active': True, 'defaultValue': False, 'label': '(GMT+12:00) New Zealand Standard Time (Antarctica/McMurdo)', 'validFor': None, 'value': 'Antarctica/McMurdo'}, {'active': True, 'defaultValue': False, 'label': '(GMT+12:00) Anadyr Standard Time (Asia/Anadyr)', 'validFor': None, 'value': 'Asia/Anadyr'}, {'active': True, 'defaultValue': False, 'label': '(GMT+12:00) Petropavlovsk-Kamchatski Standard Time (Asia/Kamchatka)', 'validFor': None, 'value': 'Asia/Kamchatka'}, {'active': True, 'defaultValue': False, 'label': '(GMT+12:00) New Zealand Standard Time (Pacific/Auckland)', 'validFor': None, 'value': 'Pacific/Auckland'}, {'active': True, 'defaultValue': False, 'label': '(GMT+12:00) Fiji Standard Time (Pacific/Fiji)', 'validFor': None, 'value': 'Pacific/Fiji'}, {'active': True, 'defaultValue': False, 'label': '(GMT+12:00) Tuvalu Time (Pacific/Funafuti)', 'validFor': None, 'value': 'Pacific/Funafuti'}, {'active': True, 'defaultValue': False, 'label': '(GMT+12:00) Marshall Islands Time (Pacific/Kwajalein)', 'validFor': None, 'value': 'Pacific/Kwajalein'}, {'active': True, 'defaultValue': False, 'label': '(GMT+12:00) Marshall Islands Time (Pacific/Majuro)', 'validFor': None, 'value': 'Pacific/Majuro'}, {'active': True, 'defaultValue': False, 'label': '(GMT+12:00) Nauru Time (Pacific/Nauru)', 'validFor': None, 'value': 'Pacific/Nauru'}, {'active': True, 'defaultValue': False, 'label': '(GMT+12:00) Gilbert Islands Time (Pacific/Tarawa)', 'validFor': None, 'value': 'Pacific/Tarawa'}, {'active': True, 'defaultValue': False, 'label': '(GMT+12:00) Wake Island Time (Pacific/Wake)', 'validFor': None, 'value': 'Pacific/Wake'}, {'active': True, 'defaultValue': False, 'label': '(GMT+12:00) Wallis & Futuna Time (Pacific/Wallis)', 'validFor': None, 'value': 'Pacific/Wallis'}, {'active': True, 'defaultValue': False, 'label': '(GMT+11:00) Casey Time (Antarctica/Casey)', 'validFor': None, 'value': 'Antarctica/Casey'}, {'active': True, 'defaultValue': False, 'label': '(GMT+11:00) Magadan Standard Time (Asia/Magadan)', 'validFor': None, 'value': 'Asia/Magadan'}, {'active': True, 'defaultValue': False, 'label': '(GMT+11:00) Sakhalin Standard Time (Asia/Sakhalin)', 'validFor': None, 'value': 'Asia/Sakhalin'}, {'active': True, 'defaultValue': False, 'label': '(GMT+11:00) Magadan Standard Time (Asia/Srednekolymsk)', 'validFor': None, 'value': 'Asia/Srednekolymsk'}, {'active': True, 'defaultValue': False, 'label': '(GMT+11:00) Bougainville Standard Time (Pacific/Bougainville)', 'validFor': None, 'value': 'Pacific/Bougainville'}, {'active': True, 'defaultValue': False, 'label': '(GMT+11:00) Vanuatu Standard Time (Pacific/Efate)', 'validFor': None, 'value': 'Pacific/Efate'}, {'active': True, 'defaultValue': False, 'label': '(GMT+11:00) Solomon Islands Time (Pacific/Guadalcanal)', 'validFor': None, 'value': 'Pacific/Guadalcanal'}, {'active': True, 'defaultValue': False, 'label': '(GMT+11:00) Kosrae Time (Pacific/Kosrae)', 'validFor': None, 'value': 'Pacific/Kosrae'}, {'active': True, 'defaultValue': False, 'label': '(GMT+11:00) Norfolk Island Standard Time (Pacific/Norfolk)', 'validFor': None, 'value': 'Pacific/Norfolk'}, {'active': True, 'defaultValue': False, 'label': '(GMT+11:00) New Caledonia Standard Time (Pacific/Noumea)', 'validFor': None, 'value': 'Pacific/Noumea'}, {'active': True, 'defaultValue': False, 'label': '(GMT+11:00) Ponape Time (Pacific/Ponape)', 'validFor': None, 'value': 'Pacific/Ponape'}, {'active': True, 'defaultValue': False, 'label': '(GMT+10:30) Lord Howe Standard Time (Australia/Lord_Howe)', 'validFor': None, 'value': 'Australia/Lord_Howe'}, {'active': True, 'defaultValue': False, 'label': '(GMT+10:00) Dumont-d’Urville Time (Antarctica/DumontDUrville)', 'validFor': None, 'value': 'Antarctica/DumontDUrville'}, {'active': True, 'defaultValue': False, 'label': '(GMT+10:00) Australian Eastern Standard Time (Antarctica/Macquarie)', 'validFor': None, 'value': 'Antarctica/Macquarie'}, {'active': True, 'defaultValue': False, 'label': '(GMT+10:00) Vladivostok Standard Time (Asia/Ust-Nera)', 'validFor': None, 'value': 'Asia/Ust-Nera'}, {'active': True, 'defaultValue': False, 'label': '(GMT+10:00) Vladivostok Standard Time (Asia/Vladivostok)', 'validFor': None, 'value': 'Asia/Vladivostok'}, {'active': True, 'defaultValue': False, 'label': '(GMT+10:00) Australian Eastern Standard Time (Australia/Brisbane)', 'validFor': None, 'value': 'Australia/Brisbane'}, {'active': True, 'defaultValue': False, 'label': '(GMT+10:00) Australian Eastern Standard Time (Australia/Currie)', 'validFor': None, 'value': 'Australia/Currie'}, {'active': True, 'defaultValue': False, 'label': '(GMT+10:00) Australian Eastern Standard Time (Australia/Hobart)', 'validFor': None, 'value': 'Australia/Hobart'}, {'active': True, 'defaultValue': False, 'label': '(GMT+10:00) Australian Eastern Standard Time (Australia/Lindeman)', 'validFor': None, 'value': 'Australia/Lindeman'}, {'active': True, 'defaultValue': False, 'label': '(GMT+10:00) Australian Eastern Standard Time (Australia/Melbourne)', 'validFor': None, 'value': 'Australia/Melbourne'}, {'active': True, 'defaultValue': False, 'label': '(GMT+10:00) Australian Eastern Standard Time (Australia/Sydney)', 'validFor': None, 'value': 'Australia/Sydney'}, {'active': True, 'defaultValue': False, 'label': '(GMT+10:00) Chamorro Standard Time (Pacific/Guam)', 'validFor': None, 'value': 'Pacific/Guam'}, {'active': True, 'defaultValue': False, 'label': '(GMT+10:00) Papua New Guinea Time (Pacific/Port_Moresby)', 'validFor': None, 'value': 'Pacific/Port_Moresby'}, {'active': True, 'defaultValue': False, 'label': '(GMT+10:00) Chamorro Standard Time (Pacific/Saipan)', 'validFor': None, 'value': 'Pacific/Saipan'}, {'active': True, 'defaultValue': False, 'label': '(GMT+10:00) Chuuk Time (Pacific/Truk)', 'validFor': None, 'value': 'Pacific/Truk'}, {'active': True, 'defaultValue': False, 'label': '(GMT+09:30) Australian Central Standard Time (Australia/Adelaide)', 'validFor': None, 'value': 'Australia/Adelaide'}, {'active': True, 'defaultValue': False, 'label': '(GMT+09:30) Australian Central Standard Time (Australia/Broken_Hill)', 'validFor': None, 'value': 'Australia/Broken_Hill'}, {'active': True, 'defaultValue': False, 'label': '(GMT+09:30) Australian Central Standard Time (Australia/Darwin)', 'validFor': None, 'value': 'Australia/Darwin'}, {'active': True, 'defaultValue': False, 'label': '(GMT+09:00) Yakutsk Standard Time (Asia/Chita)', 'validFor': None, 'value': 'Asia/Chita'}, {'active': True, 'defaultValue': False, 'label': '(GMT+09:00) East Timor Time (Asia/Dili)', 'validFor': None, 'value': 'Asia/Dili'}, {'active': True, 'defaultValue': False, 'label': '(GMT+09:00) Eastern Indonesia Time (Asia/Jayapura)', 'validFor': None, 'value': 'Asia/Jayapura'}, {'active': True, 'defaultValue': False, 'label': '(GMT+09:00) Yakutsk Standard Time (Asia/Khandyga)', 'validFor': None, 'value': 'Asia/Khandyga'}, {'active': True, 'defaultValue': False, 'label': '(GMT+09:00) Korean Standard Time (Asia/Pyongyang)', 'validFor': None, 'value': 'Asia/Pyongyang'}, {'active': True, 'defaultValue': False, 'label': '(GMT+09:00) Korean Standard Time (Asia/Seoul)', 'validFor': None, 'value': 'Asia/Seoul'}, {'active': True, 'defaultValue': False, 'label': '(GMT+09:00) Japan Standard Time (Asia/Tokyo)', 'validFor': None, 'value': 'Asia/Tokyo'}, {'active': True, 'defaultValue': False, 'label': '(GMT+09:00) Yakutsk Standard Time (Asia/Yakutsk)', 'validFor': None, 'value': 'Asia/Yakutsk'}, {'active': True, 'defaultValue': False, 'label': '(GMT+09:00) Palau Time (Pacific/Palau)', 'validFor': None, 'value': 'Pacific/Palau'}, {'active': True, 'defaultValue': False, 'label': '(GMT+08:45) Australian Central Western Standard Time (Australia/Eucla)', 'validFor': None, 'value': 'Australia/Eucla'}, {'active': True, 'defaultValue': False, 'label': '(GMT+08:00) Brunei Darussalam Time (Asia/Brunei)', 'validFor': None, 'value': 'Asia/Brunei'}, {'active': True, 'defaultValue': False, 'label': '(GMT+08:00) Ulaanbaatar Standard Time (Asia/Choibalsan)', 'validFor': None, 'value': 'Asia/Choibalsan'}, {'active': True, 'defaultValue': False, 'label': '(GMT+08:00) Hong Kong Standard Time (Asia/Hong_Kong)', 'validFor': None, 'value': 'Asia/Hong_Kong'}, {'active': True, 'defaultValue': False, 'label': '(GMT+08:00) Irkutsk Standard Time (Asia/Irkutsk)', 'validFor': None, 'value': 'Asia/Irkutsk'}, {'active': True, 'defaultValue': False, 'label': '(GMT+08:00) Malaysia Time (Asia/Kuala_Lumpur)', 'validFor': None, 'value': 'Asia/Kuala_Lumpur'}, {'active': True, 'defaultValue': False, 'label': '(GMT+08:00) Malaysia Time (Asia/Kuching)', 'validFor': None, 'value': 'Asia/Kuching'}, {'active': True, 'defaultValue': False, 'label': '(GMT+08:00) China Standard Time (Asia/Macau)', 'validFor': None, 'value': 'Asia/Macau'}, {'active': True, 'defaultValue': False, 'label': '(GMT+08:00) Central Indonesia Time (Asia/Makassar)', 'validFor': None, 'value': 'Asia/Makassar'}, {'active': True, 'defaultValue': False, 'label': '(GMT+08:00) Philippine Standard Time (Asia/Manila)', 'validFor': None, 'value': 'Asia/Manila'}, {'active': True, 'defaultValue': False, 'label': '(GMT+08:00) China Standard Time (Asia/Shanghai)', 'validFor': None, 'value': 'Asia/Shanghai'}, {'active': True, 'defaultValue': False, 'label': '(GMT+08:00) Singapore Standard Time (Asia/Singapore)', 'validFor': None, 'value': 'Asia/Singapore'}, {'active': True, 'defaultValue': False, 'label': '(GMT+08:00) Taipei Standard Time (Asia/Taipei)', 'validFor': None, 'value': 'Asia/Taipei'}, {'active': True, 'defaultValue': False, 'label': '(GMT+08:00) Ulaanbaatar Standard Time (Asia/Ulaanbaatar)', 'validFor': None, 'value': 'Asia/Ulaanbaatar'}, {'active': True, 'defaultValue': False, 'label': '(GMT+08:00) Australian Western Standard Time (Australia/Perth)', 'validFor': None, 'value': 'Australia/Perth'}, {'active': True, 'defaultValue': False, 'label': '(GMT+07:00) Davis Time (Antarctica/Davis)', 'validFor': None, 'value': 'Antarctica/Davis'}, {'active': True, 'defaultValue': False, 'label': '(GMT+07:00) Indochina Time (Asia/Bangkok)', 'validFor': None, 'value': 'Asia/Bangkok'}, {'active': True, 'defaultValue': False, 'label': '(GMT+07:00) Moscow Standard Time + 4 (Asia/Barnaul)', 'validFor': None, 'value': 'Asia/Barnaul'}, {'active': True, 'defaultValue': False, 'label': '(GMT+07:00) Indochina Time (Asia/Ho_Chi_Minh)', 'validFor': None, 'value': 'Asia/Ho_Chi_Minh'}, {'active': True, 'defaultValue': False, 'label': '(GMT+07:00) Hovd Standard Time (Asia/Hovd)', 'validFor': None, 'value': 'Asia/Hovd'}, {'active': True, 'defaultValue': False, 'label': '(GMT+07:00) Western Indonesia Time (Asia/Jakarta)', 'validFor': None, 'value': 'Asia/Jakarta'}, {'active': True, 'defaultValue': False, 'label': '(GMT+07:00) Krasnoyarsk Standard Time (Asia/Krasnoyarsk)', 'validFor': None, 'value': 'Asia/Krasnoyarsk'}, {'active': True, 'defaultValue': False, 'label': '(GMT+07:00) Krasnoyarsk Standard Time (Asia/Novokuznetsk)', 'validFor': None, 'value': 'Asia/Novokuznetsk'}, {'active': True, 'defaultValue': False, 'label': '(GMT+07:00) Novosibirsk Standard Time (Asia/Novosibirsk)', 'validFor': None, 'value': 'Asia/Novosibirsk'}, {'active': True, 'defaultValue': False, 'label': '(GMT+07:00) Indochina Time (Asia/Phnom_Penh)', 'validFor': None, 'value': 'Asia/Phnom_Penh'}, {'active': True, 'defaultValue': False, 'label': '(GMT+07:00) Western Indonesia Time (Asia/Pontianak)', 'validFor': None, 'value': 'Asia/Pontianak'}, {'active': True, 'defaultValue': False, 'label': '(GMT+07:00) Moscow Standard Time + 4 (Asia/Tomsk)', 'validFor': None, 'value': 'Asia/Tomsk'}, {'active': True, 'defaultValue': False, 'label': '(GMT+07:00) Indochina Time (Asia/Vientiane)', 'validFor': None, 'value': 'Asia/Vientiane'}, {'active': True, 'defaultValue': False, 'label': '(GMT+07:00) Christmas Island Time (Indian/Christmas)', 'validFor': None, 'value': 'Indian/Christmas'}, {'active': True, 'defaultValue': False, 'label': '(GMT+06:30) Myanmar Time (Asia/Rangoon)', 'validFor': None, 'value': 'Asia/Rangoon'}, {'active': True, 'defaultValue': False, 'label': '(GMT+06:30) Cocos Islands Time (Indian/Cocos)', 'validFor': None, 'value': 'Indian/Cocos'}, {'active': True, 'defaultValue': False, 'label': '(GMT+06:00) Vostok Time (Antarctica/Vostok)', 'validFor': None, 'value': 'Antarctica/Vostok'}, {'active': True, 'defaultValue': False, 'label': '(GMT+06:00) East Kazakhstan Time (Asia/Almaty)', 'validFor': None, 'value': 'Asia/Almaty'}, {'active': True, 'defaultValue': False, 'label': '(GMT+06:00) Kyrgyzstan Time (Asia/Bishkek)', 'validFor': None, 'value': 'Asia/Bishkek'}, {'active': True, 'defaultValue': False, 'label': '(GMT+06:00) Bangladesh Standard Time (Asia/Dhaka)', 'validFor': None, 'value': 'Asia/Dhaka'}, {'active': True, 'defaultValue': False, 'label': '(GMT+06:00) Omsk Standard Time (Asia/Omsk)', 'validFor': None, 'value': 'Asia/Omsk'}, {'active': True, 'defaultValue': False, 'label': '(GMT+06:00) East Kazakhstan Time (Asia/Qostanay)', 'validFor': None, 'value': 'Asia/Qostanay'}, {'active': True, 'defaultValue': False, 'label': '(GMT+06:00) Bhutan Time (Asia/Thimphu)', 'validFor': None, 'value': 'Asia/Thimphu'}, {'active': True, 'defaultValue': False, 'label': '(GMT+06:00) China Standard Time (Asia/Urumqi)', 'validFor': None, 'value': 'Asia/Urumqi'}, {'active': True, 'defaultValue': False, 'label': '(GMT+06:00) Indian Ocean Time (Indian/Chagos)', 'validFor': None, 'value': 'Indian/Chagos'}, {'active': True, 'defaultValue': False, 'label': '(GMT+05:45) Nepal Time (Asia/Kathmandu)', 'validFor': None, 'value': 'Asia/Kathmandu'}, {'active': True, 'defaultValue': False, 'label': '(GMT+05:30) India Standard Time (Asia/Colombo)', 'validFor': None, 'value': 'Asia/Colombo'}, {'active': True, 'defaultValue': False, 'label': '(GMT+05:30) India Standard Time (Asia/Kolkata)', 'validFor': None, 'value': 'Asia/Kolkata'}, {'active': True, 'defaultValue': False, 'label': '(GMT+05:00) Mawson Time (Antarctica/Mawson)', 'validFor': None, 'value': 'Antarctica/Mawson'}, {'active': True, 'defaultValue': False, 'label': '(GMT+05:00) West Kazakhstan Time (Asia/Aqtau)', 'validFor': None, 'value': 'Asia/Aqtau'}, {'active': True, 'defaultValue': False, 'label': '(GMT+05:00) West Kazakhstan Time (Asia/Aqtobe)', 'validFor': None, 'value': 'Asia/Aqtobe'}, {'active': True, 'defaultValue': False, 'label': '(GMT+05:00) Turkmenistan Standard Time (Asia/Ashgabat)', 'validFor': None, 'value': 'Asia/Ashgabat'}, {'active': True, 'defaultValue': False, 'label': '(GMT+05:00) West Kazakhstan Time (Asia/Atyrau)', 'validFor': None, 'value': 'Asia/Atyrau'}, {'active': True, 'defaultValue': False, 'label': '(GMT+05:00) Tajikistan Time (Asia/Dushanbe)', 'validFor': None, 'value': 'Asia/Dushanbe'}, {'active': True, 'defaultValue': False, 'label': '(GMT+05:00) Pakistan Standard Time (Asia/Karachi)', 'validFor': None, 'value': 'Asia/Karachi'}, {'active': True, 'defaultValue': False, 'label': '(GMT+05:00) West Kazakhstan Time (Asia/Oral)', 'validFor': None, 'value': 'Asia/Oral'}, {'active': True, 'defaultValue': False, 'label': '(GMT+05:00) West Kazakhstan Time (Asia/Qyzylorda)', 'validFor': None, 'value': 'Asia/Qyzylorda'}, {'active': True, 'defaultValue': False, 'label': '(GMT+05:00) Uzbekistan Standard Time (Asia/Samarkand)', 'validFor': None, 'value': 'Asia/Samarkand'}, {'active': True, 'defaultValue': False, 'label': '(GMT+05:00) Uzbekistan Standard Time (Asia/Tashkent)', 'validFor': None, 'value': 'Asia/Tashkent'}, {'active': True, 'defaultValue': False, 'label': '(GMT+05:00) Yekaterinburg Standard Time (Asia/Yekaterinburg)', 'validFor': None, 'value': 'Asia/Yekaterinburg'}, {'active': True, 'defaultValue': False, 'label': '(GMT+05:00) French Southern & Antarctic Time (Indian/Kerguelen)', 'validFor': None, 'value': 'Indian/Kerguelen'}, {'active': True, 'defaultValue': False, 'label': '(GMT+05:00) Maldives Time (Indian/Maldives)', 'validFor': None, 'value': 'Indian/Maldives'}, {'active': True, 'defaultValue': False, 'label': '(GMT+04:30) Afghanistan Time (Asia/Kabul)', 'validFor': None, 'value': 'Asia/Kabul'}, {'active': True, 'defaultValue': False, 'label': '(GMT+04:30) Iran Daylight Time (Asia/Tehran)', 'validFor': None, 'value': 'Asia/Tehran'}, {'active': True, 'defaultValue': False, 'label': '(GMT+04:00) Azerbaijan Standard Time (Asia/Baku)', 'validFor': None, 'value': 'Asia/Baku'}, {'active': True, 'defaultValue': False, 'label': '(GMT+04:00) Gulf Standard Time (Asia/Dubai)', 'validFor': None, 'value': 'Asia/Dubai'}, {'active': True, 'defaultValue': False, 'label': '(GMT+04:00) Gulf Standard Time (Asia/Muscat)', 'validFor': None, 'value': 'Asia/Muscat'}, {'active': True, 'defaultValue': False, 'label': '(GMT+04:00) Georgia Standard Time (Asia/Tbilisi)', 'validFor': None, 'value': 'Asia/Tbilisi'}, {'active': True, 'defaultValue': False, 'label': '(GMT+04:00) Armenia Standard Time (Asia/Yerevan)', 'validFor': None, 'value': 'Asia/Yerevan'}, {'active': True, 'defaultValue': False, 'label': '(GMT+04:00) Samara Standard Time (Europe/Astrakhan)', 'validFor': None, 'value': 'Europe/Astrakhan'}, {'active': True, 'defaultValue': False, 'label': '(GMT+04:00) Samara Standard Time (Europe/Samara)', 'validFor': None, 'value': 'Europe/Samara'}, {'active': True, 'defaultValue': False, 'label': '(GMT+04:00) Moscow Standard Time + 1 (Europe/Saratov)', 'validFor': None, 'value': 'Europe/Saratov'}, {'active': True, 'defaultValue': False, 'label': '(GMT+04:00) Moscow Standard Time + 1 (Europe/Ulyanovsk)', 'validFor': None, 'value': 'Europe/Ulyanovsk'}, {'active': True, 'defaultValue': False, 'label': '(GMT+04:00) Seychelles Time (Indian/Mahe)', 'validFor': None, 'value': 'Indian/Mahe'}, {'active': True, 'defaultValue': False, 'label': '(GMT+04:00) Mauritius Standard Time (Indian/Mauritius)', 'validFor': None, 'value': 'Indian/Mauritius'}, {'active': True, 'defaultValue': False, 'label': '(GMT+04:00) Réunion Time (Indian/Reunion)', 'validFor': None, 'value': 'Indian/Reunion'}, {'active': True, 'defaultValue': False, 'label': '(GMT+03:00) East Africa Time (Africa/Addis_Ababa)', 'validFor': None, 'value': 'Africa/Addis_Ababa'}, {'active': True, 'defaultValue': False, 'label': '(GMT+03:00) East Africa Time (Africa/Asmera)', 'validFor': None, 'value': 'Africa/Asmera'}, {'active': True, 'defaultValue': False, 'label': '(GMT+03:00) East Africa Time (Africa/Dar_es_Salaam)', 'validFor': None, 'value': 'Africa/Dar_es_Salaam'}, {'active': True, 'defaultValue': False, 'label': '(GMT+03:00) East Africa Time (Africa/Djibouti)', 'validFor': None, 'value': 'Africa/Djibouti'}, {'active': True, 'defaultValue': False, 'label': '(GMT+03:00) East Africa Time (Africa/Kampala)', 'validFor': None, 'value': 'Africa/Kampala'}, {'active': True, 'defaultValue': False, 'label': '(GMT+03:00) East Africa Time (Africa/Mogadishu)', 'validFor': None, 'value': 'Africa/Mogadishu'}, {'active': True, 'defaultValue': False, 'label': '(GMT+03:00) East Africa Time (Africa/Nairobi)', 'validFor': None, 'value': 'Africa/Nairobi'}, {'active': True, 'defaultValue': False, 'label': '(GMT+03:00) Syowa Time (Antarctica/Syowa)', 'validFor': None, 'value': 'Antarctica/Syowa'}, {'active': True, 'defaultValue': False, 'label': '(GMT+03:00) Arabian Standard Time (Asia/Aden)', 'validFor': None, 'value': 'Asia/Aden'}, {'active': True, 'defaultValue': False, 'label': '(GMT+03:00) Eastern European Summer Time (Asia/Amman)', 'validFor': None, 'value': 'Asia/Amman'}, {'active': True, 'defaultValue': False, 'label': '(GMT+03:00) Arabian Standard Time (Asia/Baghdad)', 'validFor': None, 'value': 'Asia/Baghdad'}, {'active': True, 'defaultValue': False, 'label': '(GMT+03:00) Arabian Standard Time (Asia/Bahrain)', 'validFor': None, 'value': 'Asia/Bahrain'}, {'active': True, 'defaultValue': False, 'label': '(GMT+03:00) Eastern European Summer Time (Asia/Beirut)', 'validFor': None, 'value': 'Asia/Beirut'}, {'active': True, 'defaultValue': False, 'label': '(GMT+03:00) Eastern European Summer Time (Asia/Damascus)', 'validFor': None, 'value': 'Asia/Damascus'}, {'active': True, 'defaultValue': False, 'label': '(GMT+03:00) Eastern European Summer Time (Asia/Famagusta)', 'validFor': None, 'value': 'Asia/Famagusta'}, {'active': True, 'defaultValue': False, 'label': '(GMT+03:00) Eastern European Summer Time (Asia/Gaza)', 'validFor': None, 'value': 'Asia/Gaza'}, {'active': True, 'defaultValue': False, 'label': '(GMT+03:00) Eastern European Summer Time (Asia/Hebron)', 'validFor': None, 'value': 'Asia/Hebron'}, {'active': True, 'defaultValue': False, 'label': '(GMT+03:00) Israel Daylight Time (Asia/Jerusalem)', 'validFor': None, 'value': 'Asia/Jerusalem'}, {'active': True, 'defaultValue': False, 'label': '(GMT+03:00) Arabian Standard Time (Asia/Kuwait)', 'validFor': None, 'value': 'Asia/Kuwait'}, {'active': True, 'defaultValue': False, 'label': '(GMT+03:00) Eastern European Summer Time (Asia/Nicosia)', 'validFor': None, 'value': 'Asia/Nicosia'}, {'active': True, 'defaultValue': False, 'label': '(GMT+03:00) Arabian Standard Time (Asia/Qatar)', 'validFor': None, 'value': 'Asia/Qatar'}, {'active': True, 'defaultValue': False, 'label': '(GMT+03:00) Arabian Standard Time (Asia/Riyadh)', 'validFor': None, 'value': 'Asia/Riyadh'}, {'active': True, 'defaultValue': False, 'label': '(GMT+03:00) Eastern European Summer Time (Europe/Athens)', 'validFor': None, 'value': 'Europe/Athens'}, {'active': True, 'defaultValue': False, 'label': '(GMT+03:00) Eastern European Summer Time (Europe/Bucharest)', 'validFor': None, 'value': 'Europe/Bucharest'}, {'active': True, 'defaultValue': False, 'label': '(GMT+03:00) Eastern European Summer Time (Europe/Chisinau)', 'validFor': None, 'value': 'Europe/Chisinau'}, {'active': True, 'defaultValue': False, 'label': '(GMT+03:00) Eastern European Summer Time (Europe/Helsinki)', 'validFor': None, 'value': 'Europe/Helsinki'}, {'active': True, 'defaultValue': False, 'label': '(GMT+03:00) Eastern European Standard Time (Europe/Istanbul)', 'validFor': None, 'value': 'Europe/Istanbul'}, {'active': True, 'defaultValue': False, 'label': '(GMT+03:00) Eastern European Summer Time (Europe/Kiev)', 'validFor': None, 'value': 'Europe/Kiev'}, {'active': True, 'defaultValue': False, 'label': '(GMT+03:00) Moscow Standard Time (Europe/Kirov)', 'validFor': None, 'value': 'Europe/Kirov'}, {'active': True, 'defaultValue': False, 'label': '(GMT+03:00) Eastern European Summer Time (Europe/Mariehamn)', 'validFor': None, 'value': 'Europe/Mariehamn'}, {'active': True, 'defaultValue': False, 'label': '(GMT+03:00) Moscow Standard Time (Europe/Minsk)', 'validFor': None, 'value': 'Europe/Minsk'}, {'active': True, 'defaultValue': False, 'label': '(GMT+03:00) Moscow Standard Time (Europe/Moscow)', 'validFor': None, 'value': 'Europe/Moscow'}, {'active': True, 'defaultValue': False, 'label': '(GMT+03:00) Eastern European Summer Time (Europe/Riga)', 'validFor': None, 'value': 'Europe/Riga'}, {'active': True, 'defaultValue': False, 'label': '(GMT+03:00) Moscow Standard Time (Europe/Simferopol)', 'validFor': None, 'value': 'Europe/Simferopol'}, {'active': True, 'defaultValue': False, 'label': '(GMT+03:00) Eastern European Summer Time (Europe/Sofia)', 'validFor': None, 'value': 'Europe/Sofia'}, {'active': True, 'defaultValue': False, 'label': '(GMT+03:00) Eastern European Summer Time (Europe/Tallinn)', 'validFor': None, 'value': 'Europe/Tallinn'}, {'active': True, 'defaultValue': False, 'label': '(GMT+03:00) Eastern European Summer Time (Europe/Uzhgorod)', 'validFor': None, 'value': 'Europe/Uzhgorod'}, {'active': True, 'defaultValue': False, 'label': '(GMT+03:00) Eastern European Summer Time (Europe/Vilnius)', 'validFor': None, 'value': 'Europe/Vilnius'}, {'active': True, 'defaultValue': False, 'label': '(GMT+03:00) Volgograd Standard Time (Europe/Volgograd)', 'validFor': None, 'value': 'Europe/Volgograd'}, {'active': True, 'defaultValue': False, 'label': '(GMT+03:00) Eastern European Summer Time (Europe/Zaporozhye)', 'validFor': None, 'value': 'Europe/Zaporozhye'}, {'active': True, 'defaultValue': False, 'label': '(GMT+03:00) East Africa Time (Indian/Antananarivo)', 'validFor': None, 'value': 'Indian/Antananarivo'}, {'active': True, 'defaultValue': False, 'label': '(GMT+03:00) East Africa Time (Indian/Comoro)', 'validFor': None, 'value': 'Indian/Comoro'}, {'active': True, 'defaultValue': False, 'label': '(GMT+03:00) East Africa Time (Indian/Mayotte)', 'validFor': None, 'value': 'Indian/Mayotte'}, {'active': True, 'defaultValue': False, 'label': '(GMT+02:00) Central Africa Time (Africa/Blantyre)', 'validFor': None, 'value': 'Africa/Blantyre'}, {'active': True, 'defaultValue': False, 'label': '(GMT+02:00) Central Africa Time (Africa/Bujumbura)', 'validFor': None, 'value': 'Africa/Bujumbura'}, {'active': True, 'defaultValue': False, 'label': '(GMT+02:00) Eastern European Standard Time (Africa/Cairo)', 'validFor': None, 'value': 'Africa/Cairo'}, {'active': True, 'defaultValue': False, 'label': '(GMT+02:00) Central European Summer Time (Africa/Ceuta)', 'validFor': None, 'value': 'Africa/Ceuta'}, {'active': True, 'defaultValue': False, 'label': '(GMT+02:00) Central Africa Time (Africa/Gaborone)', 'validFor': None, 'value': 'Africa/Gaborone'}, {'active': True, 'defaultValue': False, 'label': '(GMT+02:00) Central Africa Time (Africa/Harare)', 'validFor': None, 'value': 'Africa/Harare'}, {'active': True, 'defaultValue': False, 'label': '(GMT+02:00) South Africa Standard Time (Africa/Johannesburg)', 'validFor': None, 'value': 'Africa/Johannesburg'}, {'active': True, 'defaultValue': False, 'label': '(GMT+02:00) Central Africa Time (Africa/Juba)', 'validFor': None, 'value': 'Africa/Juba'}, {'active': True, 'defaultValue': False, 'label': '(GMT+02:00) Central Africa Time (Africa/Khartoum)', 'validFor': None, 'value': 'Africa/Khartoum'}, {'active': True, 'defaultValue': False, 'label': '(GMT+02:00) Central Africa Time (Africa/Kigali)', 'validFor': None, 'value': 'Africa/Kigali'}, {'active': True, 'defaultValue': False, 'label': '(GMT+02:00) Central Africa Time (Africa/Lubumbashi)', 'validFor': None, 'value': 'Africa/Lubumbashi'}, {'active': True, 'defaultValue': False, 'label': '(GMT+02:00) Central Africa Time (Africa/Lusaka)', 'validFor': None, 'value': 'Africa/Lusaka'}, {'active': True, 'defaultValue': False, 'label': '(GMT+02:00) Central Africa Time (Africa/Maputo)', 'validFor': None, 'value': 'Africa/Maputo'}, {'active': True, 'defaultValue': False, 'label': '(GMT+02:00) South Africa Standard Time (Africa/Maseru)', 'validFor': None, 'value': 'Africa/Maseru'}, {'active': True, 'defaultValue': False, 'label': '(GMT+02:00) South Africa Standard Time (Africa/Mbabane)', 'validFor': None, 'value': 'Africa/Mbabane'}, {'active': True, 'defaultValue': False, 'label': '(GMT+02:00) Eastern European Standard Time (Africa/Tripoli)', 'validFor': None, 'value': 'Africa/Tripoli'}, {'active': True, 'defaultValue': False, 'label': '(GMT+02:00) Central Africa Time (Africa/Windhoek)', 'validFor': None, 'value': 'Africa/Windhoek'}, {'active': True, 'defaultValue': False, 'label': '(GMT+02:00) Central European Summer Time (Antarctica/Troll)', 'validFor': None, 'value': 'Antarctica/Troll'}, {'active': True, 'defaultValue': False, 'label': '(GMT+02:00) Central European Summer Time (Arctic/Longyearbyen)', 'validFor': None, 'value': 'Arctic/Longyearbyen'}, {'active': True, 'defaultValue': False, 'label': '(GMT+02:00) Central European Summer Time (Europe/Amsterdam)', 'validFor': None, 'value': 'Europe/Amsterdam'}, {'active': True, 'defaultValue': False, 'label': '(GMT+02:00) Central European Summer Time (Europe/Andorra)', 'validFor': None, 'value': 'Europe/Andorra'}, {'active': True, 'defaultValue': False, 'label': '(GMT+02:00) Central European Summer Time (Europe/Belgrade)', 'validFor': None, 'value': 'Europe/Belgrade'}, {'active': True, 'defaultValue': False, 'label': '(GMT+02:00) Central European Summer Time (Europe/Berlin)', 'validFor': None, 'value': 'Europe/Berlin'}, {'active': True, 'defaultValue': False, 'label': '(GMT+02:00) Central European Summer Time (Europe/Bratislava)', 'validFor': None, 'value': 'Europe/Bratislava'}, {'active': True, 'defaultValue': False, 'label': '(GMT+02:00) Central European Summer Time (Europe/Brussels)', 'validFor': None, 'value': 'Europe/Brussels'}, {'active': True, 'defaultValue': False, 'label': '(GMT+02:00) Central European Summer Time (Europe/Budapest)', 'validFor': None, 'value': 'Europe/Budapest'}, {'active': True, 'defaultValue': False, 'label': '(GMT+02:00) Central European Summer Time (Europe/Busingen)', 'validFor': None, 'value': 'Europe/Busingen'}, {'active': True, 'defaultValue': False, 'label': '(GMT+02:00) Central European Summer Time (Europe/Copenhagen)', 'validFor': None, 'value': 'Europe/Copenhagen'}, {'active': True, 'defaultValue': False, 'label': '(GMT+02:00) Central European Summer Time (Europe/Gibraltar)', 'validFor': None, 'value': 'Europe/Gibraltar'}, {'active': True, 'defaultValue': False, 'label': '(GMT+02:00) Eastern European Standard Time (Europe/Kaliningrad)', 'validFor': None, 'value': 'Europe/Kaliningrad'}, {'active': True, 'defaultValue': False, 'label': '(GMT+02:00) Central European Summer Time (Europe/Ljubljana)', 'validFor': None, 'value': 'Europe/Ljubljana'}, {'active': True, 'defaultValue': False, 'label': '(GMT+02:00) Central European Summer Time (Europe/Luxembourg)', 'validFor': None, 'value': 'Europe/Luxembourg'}, {'active': True, 'defaultValue': False, 'label': '(GMT+02:00) Central European Summer Time (Europe/Madrid)', 'validFor': None, 'value': 'Europe/Madrid'}, {'active': True, 'defaultValue': False, 'label': '(GMT+02:00) Central European Summer Time (Europe/Malta)', 'validFor': None, 'value': 'Europe/Malta'}, {'active': True, 'defaultValue': False, 'label': '(GMT+02:00) Central European Summer Time (Europe/Monaco)', 'validFor': None, 'value': 'Europe/Monaco'}, {'active': True, 'defaultValue': False, 'label': '(GMT+02:00) Central European Summer Time (Europe/Oslo)', 'validFor': None, 'value': 'Europe/Oslo'}, {'active': True, 'defaultValue': False, 'label': '(GMT+02:00) Central European Summer Time (Europe/Paris)', 'validFor': None, 'value': 'Europe/Paris'}, {'active': True, 'defaultValue': False, 'label': '(GMT+02:00) Central European Summer Time (Europe/Podgorica)', 'validFor': None, 'value': 'Europe/Podgorica'}, {'active': True, 'defaultValue': False, 'label': '(GMT+02:00) Central European Summer Time (Europe/Prague)', 'validFor': None, 'value': 'Europe/Prague'}, {'active': True, 'defaultValue': False, 'label': '(GMT+02:00) Central European Summer Time (Europe/Rome)', 'validFor': None, 'value': 'Europe/Rome'}, {'active': True, 'defaultValue': False, 'label': '(GMT+02:00) Central European Summer Time (Europe/San_Marino)', 'validFor': None, 'value': 'Europe/San_Marino'}, {'active': True, 'defaultValue': False, 'label': '(GMT+02:00) Central European Summer Time (Europe/Sarajevo)', 'validFor': None, 'value': 'Europe/Sarajevo'}, {'active': True, 'defaultValue': False, 'label': '(GMT+02:00) Central European Summer Time (Europe/Skopje)', 'validFor': None, 'value': 'Europe/Skopje'}, {'active': True, 'defaultValue': False, 'label': '(GMT+02:00) Central European Summer Time (Europe/Stockholm)', 'validFor': None, 'value': 'Europe/Stockholm'}, {'active': True, 'defaultValue': False, 'label': '(GMT+02:00) Central European Summer Time (Europe/Tirane)', 'validFor': None, 'value': 'Europe/Tirane'}, {'active': True, 'defaultValue': False, 'label': '(GMT+02:00) Central European Summer Time (Europe/Vaduz)', 'validFor': None, 'value': 'Europe/Vaduz'}, {'active': True, 'defaultValue': False, 'label': '(GMT+02:00) Central European Summer Time (Europe/Vatican)', 'validFor': None, 'value': 'Europe/Vatican'}, {'active': True, 'defaultValue': False, 'label': '(GMT+02:00) Central European Summer Time (Europe/Vienna)', 'validFor': None, 'value': 'Europe/Vienna'}, {'active': True, 'defaultValue': False, 'label': '(GMT+02:00) Central European Summer Time (Europe/Warsaw)', 'validFor': None, 'value': 'Europe/Warsaw'}, {'active': True, 'defaultValue': False, 'label': '(GMT+02:00) Central European Summer Time (Europe/Zagreb)', 'validFor': None, 'value': 'Europe/Zagreb'}, {'active': True, 'defaultValue': False, 'label': '(GMT+02:00) Central European Summer Time (Europe/Zurich)', 'validFor': None, 'value': 'Europe/Zurich'}, {'active': True, 'defaultValue': False, 'label': '(GMT+01:00) Central European Standard Time (Africa/Algiers)', 'validFor': None, 'value': 'Africa/Algiers'}, {'active': True, 'defaultValue': False, 'label': '(GMT+01:00) West Africa Standard Time (Africa/Bangui)', 'validFor': None, 'value': 'Africa/Bangui'}, {'active': True, 'defaultValue': False, 'label': '(GMT+01:00) West Africa Standard Time (Africa/Brazzaville)', 'validFor': None, 'value': 'Africa/Brazzaville'}, {'active': True, 'defaultValue': False, 'label': '(GMT+01:00) Western European Summer Time (Africa/Casablanca)', 'validFor': None, 'value': 'Africa/Casablanca'}, {'active': True, 'defaultValue': False, 'label': '(GMT+01:00) West Africa Standard Time (Africa/Douala)', 'validFor': None, 'value': 'Africa/Douala'}, {'active': True, 'defaultValue': False, 'label': '(GMT+01:00) Western European Summer Time (Africa/El_Aaiun)', 'validFor': None, 'value': 'Africa/El_Aaiun'}, {'active': True, 'defaultValue': False, 'label': '(GMT+01:00) West Africa Standard Time (Africa/Kinshasa)', 'validFor': None, 'value': 'Africa/Kinshasa'}, {'active': True, 'defaultValue': False, 'label': '(GMT+01:00) West Africa Standard Time (Africa/Lagos)', 'validFor': None, 'value': 'Africa/Lagos'}, {'active': True, 'defaultValue': False, 'label': '(GMT+01:00) West Africa Standard Time (Africa/Libreville)', 'validFor': None, 'value': 'Africa/Libreville'}, {'active': True, 'defaultValue': False, 'label': '(GMT+01:00) West Africa Standard Time (Africa/Luanda)', 'validFor': None, 'value': 'Africa/Luanda'}, {'active': True, 'defaultValue': False, 'label': '(GMT+01:00) West Africa Standard Time (Africa/Malabo)', 'validFor': None, 'value': 'Africa/Malabo'}, {'active': True, 'defaultValue': False, 'label': '(GMT+01:00) West Africa Standard Time (Africa/Ndjamena)', 'validFor': None, 'value': 'Africa/Ndjamena'}, {'active': True, 'defaultValue': False, 'label': '(GMT+01:00) West Africa Standard Time (Africa/Niamey)', 'validFor': None, 'value': 'Africa/Niamey'}, {'active': True, 'defaultValue': False, 'label': '(GMT+01:00) West Africa Standard Time (Africa/Porto-Novo)', 'validFor': None, 'value': 'Africa/Porto-Novo'}, {'active': True, 'defaultValue': False, 'label': '(GMT+01:00) Central European Standard Time (Africa/Tunis)', 'validFor': None, 'value': 'Africa/Tunis'}, {'active': True, 'defaultValue': False, 'label': '(GMT+01:00) Western European Summer Time (Atlantic/Canary)', 'validFor': None, 'value': 'Atlantic/Canary'}, {'active': True, 'defaultValue': False, 'label': '(GMT+01:00) Western European Summer Time (Atlantic/Faeroe)', 'validFor': None, 'value': 'Atlantic/Faeroe'}, {'active': True, 'defaultValue': False, 'label': '(GMT+01:00) Western European Summer Time (Atlantic/Madeira)', 'validFor': None, 'value': 'Atlantic/Madeira'}, {'active': True, 'defaultValue': False, 'label': '(GMT+01:00) Irish Standard Time (Europe/Dublin)', 'validFor': None, 'value': 'Europe/Dublin'}, {'active': True, 'defaultValue': False, 'label': '(GMT+01:00) British Summer Time (Europe/Guernsey)', 'validFor': None, 'value': 'Europe/Guernsey'}, {'active': True, 'defaultValue': False, 'label': '(GMT+01:00) British Summer Time (Europe/Isle_of_Man)', 'validFor': None, 'value': 'Europe/Isle_of_Man'}, {'active': True, 'defaultValue': False, 'label': '(GMT+01:00) British Summer Time (Europe/Jersey)', 'validFor': None, 'value': 'Europe/Jersey'}, {'active': True, 'defaultValue': False, 'label': '(GMT+01:00) Western European Summer Time (Europe/Lisbon)', 'validFor': None, 'value': 'Europe/Lisbon'}, {'active': True, 'defaultValue': False, 'label': '(GMT+01:00) British Summer Time (Europe/London)', 'validFor': None, 'value': 'Europe/London'}, {'active': True, 'defaultValue': False, 'label': '(GMT+00:00) Greenwich Mean Time (Africa/Abidjan)', 'validFor': None, 'value': 'Africa/Abidjan'}, {'active': True, 'defaultValue': False, 'label': '(GMT+00:00) Greenwich Mean Time (Africa/Accra)', 'validFor': None, 'value': 'Africa/Accra'}, {'active': True, 'defaultValue': False, 'label': '(GMT+00:00) Greenwich Mean Time (Africa/Bamako)', 'validFor': None, 'value': 'Africa/Bamako'}, {'active': True, 'defaultValue': False, 'label': '(GMT+00:00) Greenwich Mean Time (Africa/Banjul)', 'validFor': None, 'value': 'Africa/Banjul'}, {'active': True, 'defaultValue': False, 'label': '(GMT+00:00) Greenwich Mean Time (Africa/Bissau)', 'validFor': None, 'value': 'Africa/Bissau'}, {'active': True, 'defaultValue': False, 'label': '(GMT+00:00) Greenwich Mean Time (Africa/Conakry)', 'validFor': None, 'value': 'Africa/Conakry'}, {'active': True, 'defaultValue': False, 'label': '(GMT+00:00) Greenwich Mean Time (Africa/Dakar)', 'validFor': None, 'value': 'Africa/Dakar'}, {'active': True, 'defaultValue': False, 'label': '(GMT+00:00) Greenwich Mean Time (Africa/Freetown)', 'validFor': None, 'value': 'Africa/Freetown'}, {'active': True, 'defaultValue': False, 'label': '(GMT+00:00) Greenwich Mean Time (Africa/Lome)', 'validFor': None, 'value': 'Africa/Lome'}, {'active': True, 'defaultValue': False, 'label': '(GMT+00:00) Greenwich Mean Time (Africa/Monrovia)', 'validFor': None, 'value': 'Africa/Monrovia'}, {'active': True, 'defaultValue': False, 'label': '(GMT+00:00) Greenwich Mean Time (Africa/Nouakchott)', 'validFor': None, 'value': 'Africa/Nouakchott'}, {'active': True, 'defaultValue': False, 'label': '(GMT+00:00) Greenwich Mean Time (Africa/Ouagadougou)', 'validFor': None, 'value': 'Africa/Ouagadougou'}, {'active': True, 'defaultValue': False, 'label': '(GMT+00:00) Greenwich Mean Time (Africa/Sao_Tome)', 'validFor': None, 'value': 'Africa/Sao_Tome'}, {'active': True, 'defaultValue': False, 'label': '(GMT+00:00) Greenwich Mean Time (America/Danmarkshavn)', 'validFor': None, 'value': 'America/Danmarkshavn'}, {'active': True, 'defaultValue': False, 'label': '(GMT+00:00) East Greenland Summer Time (America/Scoresbysund)', 'validFor': None, 'value': 'America/Scoresbysund'}, {'active': True, 'defaultValue': False, 'label': '(GMT+00:00) Azores Summer Time (Atlantic/Azores)', 'validFor': None, 'value': 'Atlantic/Azores'}, {'active': True, 'defaultValue': False, 'label': '(GMT+00:00) Greenwich Mean Time (Atlantic/Reykjavik)', 'validFor': None, 'value': 'Atlantic/Reykjavik'}, {'active': True, 'defaultValue': False, 'label': '(GMT+00:00) Greenwich Mean Time (Atlantic/St_Helena)', 'validFor': None, 'value': 'Atlantic/St_Helena'}, {'active': True, 'defaultValue': False, 'label': '(GMT+00:00) Greenwich Mean Time (GMT)', 'validFor': None, 'value': 'GMT'}, {'active': True, 'defaultValue': False, 'label': '(GMT-01:00) Cape Verde Standard Time (Atlantic/Cape_Verde)', 'validFor': None, 'value': 'Atlantic/Cape_Verde'}, {'active': True, 'defaultValue': False, 'label': '(GMT-02:00) West Greenland Summer Time (America/Godthab)', 'validFor': None, 'value': 'America/Godthab'}, {'active': True, 'defaultValue': False, 'label': '(GMT-02:00) St. Pierre & Miquelon Daylight Time (America/Miquelon)', 'validFor': None, 'value': 'America/Miquelon'}, {'active': True, 'defaultValue': False, 'label': '(GMT-02:00) Fernando de Noronha Standard Time (America/Noronha)', 'validFor': None, 'value': 'America/Noronha'}, {'active': True, 'defaultValue': False, 'label': '(GMT-02:00) South Georgia Time (Atlantic/South_Georgia)', 'validFor': None, 'value': 'Atlantic/South_Georgia'}, {'active': True, 'defaultValue': False, 'label': '(GMT-02:30) Newfoundland Daylight Time (America/St_Johns)', 'validFor': None, 'value': 'America/St_Johns'}, {'active': True, 'defaultValue': False, 'label': '(GMT-03:00) Brasilia Standard Time (America/Araguaina)', 'validFor': None, 'value': 'America/Araguaina'}, {'active': True, 'defaultValue': False, 'label': '(GMT-03:00) Argentina Standard Time (America/Argentina/Buenos_Aires)', 'validFor': None, 'value': 'America/Argentina/Buenos_Aires'}, {'active': True, 'defaultValue': False, 'label': '(GMT-03:00) Argentina Standard Time (America/Argentina/La_Rioja)', 'validFor': None, 'value': 'America/Argentina/La_Rioja'}, {'active': True, 'defaultValue': False, 'label': '(GMT-03:00) Argentina Standard Time (America/Argentina/Rio_Gallegos)', 'validFor': None, 'value': 'America/Argentina/Rio_Gallegos'}, {'active': True, 'defaultValue': False, 'label': '(GMT-03:00) Argentina Standard Time (America/Argentina/Salta)', 'validFor': None, 'value': 'America/Argentina/Salta'}, {'active': True, 'defaultValue': False, 'label': '(GMT-03:00) Argentina Standard Time (America/Argentina/San_Juan)', 'validFor': None, 'value': 'America/Argentina/San_Juan'}, {'active': True, 'defaultValue': False, 'label': '(GMT-03:00) Argentina Standard Time (America/Argentina/San_Luis)', 'validFor': None, 'value': 'America/Argentina/San_Luis'}, {'active': True, 'defaultValue': False, 'label': '(GMT-03:00) Argentina Standard Time (America/Argentina/Tucuman)', 'validFor': None, 'value': 'America/Argentina/Tucuman'}, {'active': True, 'defaultValue': False, 'label': '(GMT-03:00) Argentina Standard Time (America/Argentina/Ushuaia)', 'validFor': None, 'value': 'America/Argentina/Ushuaia'}, {'active': True, 'defaultValue': False, 'label': '(GMT-03:00) Brasilia Standard Time (America/Bahia)', 'validFor': None, 'value': 'America/Bahia'}, {'active': True, 'defaultValue': False, 'label': '(GMT-03:00) Brasilia Standard Time (America/Belem)', 'validFor': None, 'value': 'America/Belem'}, {'active': True, 'defaultValue': False, 'label': '(GMT-03:00) Argentina Standard Time (America/Catamarca)', 'validFor': None, 'value': 'America/Catamarca'}, {'active': True, 'defaultValue': False, 'label': '(GMT-03:00) French Guiana Time (America/Cayenne)', 'validFor': None, 'value': 'America/Cayenne'}, {'active': True, 'defaultValue': False, 'label': '(GMT-03:00) Argentina Standard Time (America/Cordoba)', 'validFor': None, 'value': 'America/Cordoba'}, {'active': True, 'defaultValue': False, 'label': '(GMT-03:00) Brasilia Standard Time (America/Fortaleza)', 'validFor': None, 'value': 'America/Fortaleza'}, {'active': True, 'defaultValue': False, 'label': '(GMT-03:00) Atlantic Daylight Time (America/Glace_Bay)', 'validFor': None, 'value': 'America/Glace_Bay'}, {'active': True, 'defaultValue': False, 'label': '(GMT-03:00) Atlantic Daylight Time (America/Goose_Bay)', 'validFor': None, 'value': 'America/Goose_Bay'}, {'active': True, 'defaultValue': False, 'label': '(GMT-03:00) Atlantic Daylight Time (America/Halifax)', 'validFor': None, 'value': 'America/Halifax'}, {'active': True, 'defaultValue': False, 'label': '(GMT-03:00) Argentina Standard Time (America/Jujuy)', 'validFor': None, 'value': 'America/Jujuy'}, {'active': True, 'defaultValue': False, 'label': '(GMT-03:00) Brasilia Standard Time (America/Maceio)', 'validFor': None, 'value': 'America/Maceio'}, {'active': True, 'defaultValue': False, 'label': '(GMT-03:00) Argentina Standard Time (America/Mendoza)', 'validFor': None, 'value': 'America/Mendoza'}, {'active': True, 'defaultValue': False, 'label': '(GMT-03:00) Atlantic Daylight Time (America/Moncton)', 'validFor': None, 'value': 'America/Moncton'}, {'active': True, 'defaultValue': False, 'label': '(GMT-03:00) Uruguay Standard Time (America/Montevideo)', 'validFor': None, 'value': 'America/Montevideo'}, {'active': True, 'defaultValue': False, 'label': '(GMT-03:00) Suriname Time (America/Paramaribo)', 'validFor': None, 'value': 'America/Paramaribo'}, {'active': True, 'defaultValue': False, 'label': '(GMT-03:00) Chile Standard Time (America/Punta_Arenas)', 'validFor': None, 'value': 'America/Punta_Arenas'}, {'active': True, 'defaultValue': False, 'label': '(GMT-03:00) Brasilia Standard Time (America/Recife)', 'validFor': None, 'value': 'America/Recife'}, {'active': True, 'defaultValue': False, 'label': '(GMT-03:00) Brasilia Standard Time (America/Santarem)', 'validFor': None, 'value': 'America/Santarem'}, {'active': True, 'defaultValue': False, 'label': '(GMT-03:00) Chile Summer Time (America/Santiago)', 'validFor': None, 'value': 'America/Santiago'}, {'active': True, 'defaultValue': False, 'label': '(GMT-03:00) Brasilia Standard Time (America/Sao_Paulo)', 'validFor': None, 'value': 'America/Sao_Paulo'}, {'active': True, 'defaultValue': False, 'label': '(GMT-03:00) Atlantic Daylight Time (America/Thule)', 'validFor': None, 'value': 'America/Thule'}, {'active': True, 'defaultValue': False, 'label': '(GMT-03:00) Chile Standard Time (Antarctica/Palmer)', 'validFor': None, 'value': 'Antarctica/Palmer'}, {'active': True, 'defaultValue': False, 'label': '(GMT-03:00) Rothera Time (Antarctica/Rothera)', 'validFor': None, 'value': 'Antarctica/Rothera'}, {'active': True, 'defaultValue': False, 'label': '(GMT-03:00) Atlantic Daylight Time (Atlantic/Bermuda)', 'validFor': None, 'value': 'Atlantic/Bermuda'}, {'active': True, 'defaultValue': False, 'label': '(GMT-03:00) Falkland Islands Standard Time (Atlantic/Stanley)', 'validFor': None, 'value': 'Atlantic/Stanley'}, {'active': True, 'defaultValue': False, 'label': '(GMT-04:00) Atlantic Standard Time (America/Anguilla)', 'validFor': None, 'value': 'America/Anguilla'}, {'active': True, 'defaultValue': False, 'label': '(GMT-04:00) Atlantic Standard Time (America/Antigua)', 'validFor': None, 'value': 'America/Antigua'}, {'active': True, 'defaultValue': False, 'label': '(GMT-04:00) Atlantic Standard Time (America/Aruba)', 'validFor': None, 'value': 'America/Aruba'}, {'active': True, 'defaultValue': False, 'label': '(GMT-04:00) Paraguay Standard Time (America/Asuncion)', 'validFor': None, 'value': 'America/Asuncion'}, {'active': True, 'defaultValue': False, 'label': '(GMT-04:00) Atlantic Standard Time (America/Barbados)', 'validFor': None, 'value': 'America/Barbados'}, {'active': True, 'defaultValue': False, 'label': '(GMT-04:00) Atlantic Standard Time (America/Blanc-Sablon)', 'validFor': None, 'value': 'America/Blanc-Sablon'}, {'active': True, 'defaultValue': False, 'label': '(GMT-04:00) Amazon Standard Time (America/Boa_Vista)', 'validFor': None, 'value': 'America/Boa_Vista'}, {'active': True, 'defaultValue': False, 'label': '(GMT-04:00) Amazon Standard Time (America/Campo_Grande)', 'validFor': None, 'value': 'America/Campo_Grande'}, {'active': True, 'defaultValue': False, 'label': '(GMT-04:00) Venezuela Time (America/Caracas)', 'validFor': None, 'value': 'America/Caracas'}, {'active': True, 'defaultValue': False, 'label': '(GMT-04:00) Amazon Standard Time (America/Cuiaba)', 'validFor': None, 'value': 'America/Cuiaba'}, {'active': True, 'defaultValue': False, 'label': '(GMT-04:00) Atlantic Standard Time (America/Curacao)', 'validFor': None, 'value': 'America/Curacao'}, {'active': True, 'defaultValue': False, 'label': '(GMT-04:00) Eastern Daylight Time (America/Detroit)', 'validFor': None, 'value': 'America/Detroit'}, {'active': True, 'defaultValue': False, 'label': '(GMT-04:00) Atlantic Standard Time (America/Dominica)', 'validFor': None, 'value': 'America/Dominica'}, {'active': True, 'defaultValue': False, 'label': '(GMT-04:00) Eastern Daylight Time (America/Grand_Turk)', 'validFor': None, 'value': 'America/Grand_Turk'}, {'active': True, 'defaultValue': False, 'label': '(GMT-04:00) Atlantic Standard Time (America/Grenada)', 'validFor': None, 'value': 'America/Grenada'}, {'active': True, 'defaultValue': False, 'label': '(GMT-04:00) Atlantic Standard Time (America/Guadeloupe)', 'validFor': None, 'value': 'America/Guadeloupe'}, {'active': True, 'defaultValue': False, 'label': '(GMT-04:00) Guyana Time (America/Guyana)', 'validFor': None, 'value': 'America/Guyana'}, {'active': True, 'defaultValue': False, 'label': '(GMT-04:00) Cuba Daylight Time (America/Havana)', 'validFor': None, 'value': 'America/Havana'}, {'active': True, 'defaultValue': False, 'label': '(GMT-04:00) Eastern Daylight Time (America/Indiana/Indianapolis)', 'validFor': None, 'value': 'America/Indiana/Indianapolis'}, {'active': True, 'defaultValue': False, 'label': '(GMT-04:00) Eastern Daylight Time (America/Indiana/Marengo)', 'validFor': None, 'value': 'America/Indiana/Marengo'}, {'active': True, 'defaultValue': False, 'label': '(GMT-04:00) Eastern Daylight Time (America/Indiana/Petersburg)', 'validFor': None, 'value': 'America/Indiana/Petersburg'}, {'active': True, 'defaultValue': False, 'label': '(GMT-04:00) Eastern Daylight Time (America/Indiana/Vevay)', 'validFor': None, 'value': 'America/Indiana/Vevay'}, {'active': True, 'defaultValue': False, 'label': '(GMT-04:00) Eastern Daylight Time (America/Indiana/Vincennes)', 'validFor': None, 'value': 'America/Indiana/Vincennes'}, {'active': True, 'defaultValue': False, 'label': '(GMT-04:00) Eastern Daylight Time (America/Indiana/Winamac)', 'validFor': None, 'value': 'America/Indiana/Winamac'}, {'active': True, 'defaultValue': False, 'label': '(GMT-04:00) Eastern Daylight Time (America/Iqaluit)', 'validFor': None, 'value': 'America/Iqaluit'}, {'active': True, 'defaultValue': False, 'label': '(GMT-04:00) Eastern Daylight Time (America/Kentucky/Monticello)', 'validFor': None, 'value': 'America/Kentucky/Monticello'}, {'active': True, 'defaultValue': False, 'label': '(GMT-04:00) Atlantic Standard Time (America/Kralendijk)', 'validFor': None, 'value': 'America/Kralendijk'}, {'active': True, 'defaultValue': False, 'label': '(GMT-04:00) Bolivia Time (America/La_Paz)', 'validFor': None, 'value': 'America/La_Paz'}, {'active': True, 'defaultValue': False, 'label': '(GMT-04:00) Eastern Daylight Time (America/Louisville)', 'validFor': None, 'value': 'America/Louisville'}, {'active': True, 'defaultValue': False, 'label': '(GMT-04:00) Atlantic Standard Time (America/Lower_Princes)', 'validFor': None, 'value': 'America/Lower_Princes'}, {'active': True, 'defaultValue': False, 'label': '(GMT-04:00) Amazon Standard Time (America/Manaus)', 'validFor': None, 'value': 'America/Manaus'}, {'active': True, 'defaultValue': False, 'label': '(GMT-04:00) Atlantic Standard Time (America/Marigot)', 'validFor': None, 'value': 'America/Marigot'}, {'active': True, 'defaultValue': False, 'label': '(GMT-04:00) Atlantic Standard Time (America/Martinique)', 'validFor': None, 'value': 'America/Martinique'}, {'active': True, 'defaultValue': False, 'label': '(GMT-04:00) Eastern Daylight Time (America/Montreal)', 'validFor': None, 'value': 'America/Montreal'}, {'active': True, 'defaultValue': False, 'label': '(GMT-04:00) Atlantic Standard Time (America/Montserrat)', 'validFor': None, 'value': 'America/Montserrat'}, {'active': True, 'defaultValue': False, 'label': '(GMT-04:00) Eastern Daylight Time (America/Nassau)', 'validFor': None, 'value': 'America/Nassau'}, {'active': True, 'defaultValue': False, 'label': '(GMT-04:00) Eastern Daylight Time (America/New_York)', 'validFor': None, 'value': 'America/New_York'}, {'active': True, 'defaultValue': False, 'label': '(GMT-04:00) Eastern Daylight Time (America/Nipigon)', 'validFor': None, 'value': 'America/Nipigon'}, {'active': True, 'defaultValue': False, 'label': '(GMT-04:00) Eastern Daylight Time (America/Pangnirtung)', 'validFor': None, 'value': 'America/Pangnirtung'}, {'active': True, 'defaultValue': False, 'label': '(GMT-04:00) Eastern Daylight Time (America/Port-au-Prince)', 'validFor': None, 'value': 'America/Port-au-Prince'}, {'active': True, 'defaultValue': False, 'label': '(GMT-04:00) Atlantic Standard Time (America/Port_of_Spain)', 'validFor': None, 'value': 'America/Port_of_Spain'}, {'active': True, 'defaultValue': False, 'label': '(GMT-04:00) Amazon Standard Time (America/Porto_Velho)', 'validFor': None, 'value': 'America/Porto_Velho'}, {'active': True, 'defaultValue': False, 'label': '(GMT-04:00) Atlantic Standard Time (America/Puerto_Rico)', 'validFor': None, 'value': 'America/Puerto_Rico'}, {'active': True, 'defaultValue': False, 'label': '(GMT-04:00) Atlantic Standard Time (America/Santo_Domingo)', 'validFor': None, 'value': 'America/Santo_Domingo'}, {'active': True, 'defaultValue': False, 'label': '(GMT-04:00) Atlantic Standard Time (America/St_Barthelemy)', 'validFor': None, 'value': 'America/St_Barthelemy'}, {'active': True, 'defaultValue': False, 'label': '(GMT-04:00) Atlantic Standard Time (America/St_Kitts)', 'validFor': None, 'value': 'America/St_Kitts'}, {'active': True, 'defaultValue': False, 'label': '(GMT-04:00) Atlantic Standard Time (America/St_Lucia)', 'validFor': None, 'value': 'America/St_Lucia'}, {'active': True, 'defaultValue': False, 'label': '(GMT-04:00) Atlantic Standard Time (America/St_Thomas)', 'validFor': None, 'value': 'America/St_Thomas'}, {'active': True, 'defaultValue': False, 'label': '(GMT-04:00) Atlantic Standard Time (America/St_Vincent)', 'validFor': None, 'value': 'America/St_Vincent'}, {'active': True, 'defaultValue': False, 'label': '(GMT-04:00) Eastern Daylight Time (America/Thunder_Bay)', 'validFor': None, 'value': 'America/Thunder_Bay'}, {'active': True, 'defaultValue': False, 'label': '(GMT-04:00) Eastern Daylight Time (America/Toronto)', 'validFor': None, 'value': 'America/Toronto'}, {'active': True, 'defaultValue': False, 'label': '(GMT-04:00) Atlantic Standard Time (America/Tortola)', 'validFor': None, 'value': 'America/Tortola'}, {'active': True, 'defaultValue': False, 'label': '(GMT-05:00) Central Daylight Time (America/Bahia_Banderas)', 'validFor': None, 'value': 'America/Bahia_Banderas'}, {'active': True, 'defaultValue': False, 'label': '(GMT-05:00) Colombia Standard Time (America/Bogota)', 'validFor': None, 'value': 'America/Bogota'}, {'active': True, 'defaultValue': False, 'label': '(GMT-05:00) Eastern Standard Time (America/Cancun)', 'validFor': None, 'value': 'America/Cancun'}, {'active': True, 'defaultValue': False, 'label': '(GMT-05:00) Eastern Standard Time (America/Cayman)', 'validFor': None, 'value': 'America/Cayman'}, {'active': True, 'defaultValue': False, 'label': '(GMT-05:00) Central Daylight Time (America/Chicago)', 'validFor': None, 'value': 'America/Chicago'}, {'active': True, 'defaultValue': False, 'label': '(GMT-05:00) Eastern Standard Time (America/Coral_Harbour)', 'validFor': None, 'value': 'America/Coral_Harbour'}, {'active': True, 'defaultValue': False, 'label': '(GMT-05:00) Acre Standard Time (America/Eirunepe)', 'validFor': None, 'value': 'America/Eirunepe'}, {'active': True, 'defaultValue': False, 'label': '(GMT-05:00) Ecuador Time (America/Guayaquil)', 'validFor': None, 'value': 'America/Guayaquil'}, {'active': True, 'defaultValue': False, 'label': '(GMT-05:00) Central Daylight Time (America/Indiana/Knox)', 'validFor': None, 'value': 'America/Indiana/Knox'}, {'active': True, 'defaultValue': False, 'label': '(GMT-05:00) Central Daylight Time (America/Indiana/Tell_City)', 'validFor': None, 'value': 'America/Indiana/Tell_City'}, {'active': True, 'defaultValue': False, 'label': '(GMT-05:00) Eastern Standard Time (America/Jamaica)', 'validFor': None, 'value': 'America/Jamaica'}, {'active': True, 'defaultValue': False, 'label': '(GMT-05:00) Peru Standard Time (America/Lima)', 'validFor': None, 'value': 'America/Lima'}, {'active': True, 'defaultValue': False, 'label': '(GMT-05:00) Central Daylight Time (America/Matamoros)', 'validFor': None, 'value': 'America/Matamoros'}, {'active': True, 'defaultValue': False, 'label': '(GMT-05:00) Central Daylight Time (America/Menominee)', 'validFor': None, 'value': 'America/Menominee'}, {'active': True, 'defaultValue': False, 'label': '(GMT-05:00) Central Daylight Time (America/Merida)', 'validFor': None, 'value': 'America/Merida'}, {'active': True, 'defaultValue': False, 'label': '(GMT-05:00) Central Daylight Time (America/Mexico_City)', 'validFor': None, 'value': 'America/Mexico_City'}, {'active': True, 'defaultValue': False, 'label': '(GMT-05:00) Central Daylight Time (America/Monterrey)', 'validFor': None, 'value': 'America/Monterrey'}, {'active': True, 'defaultValue': False, 'label': '(GMT-05:00) Central Daylight Time (America/North_Dakota/Beulah)', 'validFor': None, 'value': 'America/North_Dakota/Beulah'}, {'active': True, 'defaultValue': False, 'label': '(GMT-05:00) Central Daylight Time (America/North_Dakota/Center)', 'validFor': None, 'value': 'America/North_Dakota/Center'}, {'active': True, 'defaultValue': False, 'label': '(GMT-05:00) Central Daylight Time (America/North_Dakota/New_Salem)', 'validFor': None, 'value': 'America/North_Dakota/New_Salem'}, {'active': True, 'defaultValue': False, 'label': '(GMT-05:00) Eastern Standard Time (America/Panama)', 'validFor': None, 'value': 'America/Panama'}, {'active': True, 'defaultValue': False, 'label': '(GMT-05:00) Central Daylight Time (America/Rainy_River)', 'validFor': None, 'value': 'America/Rainy_River'}, {'active': True, 'defaultValue': False, 'label': '(GMT-05:00) Central Daylight Time (America/Rankin_Inlet)', 'validFor': None, 'value': 'America/Rankin_Inlet'}, {'active': True, 'defaultValue': False, 'label': '(GMT-05:00) Central Daylight Time (America/Resolute)', 'validFor': None, 'value': 'America/Resolute'}, {'active': True, 'defaultValue': False, 'label': '(GMT-05:00) Acre Standard Time (America/Rio_Branco)', 'validFor': None, 'value': 'America/Rio_Branco'}, {'active': True, 'defaultValue': False, 'label': '(GMT-05:00) Central Daylight Time (America/Winnipeg)', 'validFor': None, 'value': 'America/Winnipeg'}, {'active': True, 'defaultValue': False, 'label': '(GMT-05:00) Easter Island Summer Time (Pacific/Easter)', 'validFor': None, 'value': 'Pacific/Easter'}, {'active': True, 'defaultValue': False, 'label': '(GMT-06:00) Central Standard Time (America/Belize)', 'validFor': None, 'value': 'America/Belize'}, {'active': True, 'defaultValue': False, 'label': '(GMT-06:00) Mountain Daylight Time (America/Boise)', 'validFor': None, 'value': 'America/Boise'}, {'active': True, 'defaultValue': False, 'label': '(GMT-06:00) Mountain Daylight Time (America/Cambridge_Bay)', 'validFor': None, 'value': 'America/Cambridge_Bay'}, {'active': True, 'defaultValue': False, 'label': '(GMT-06:00) Mexican Pacific Daylight Time (America/Chihuahua)', 'validFor': None, 'value': 'America/Chihuahua'}, {'active': True, 'defaultValue': False, 'label': '(GMT-06:00) Central Standard Time (America/Costa_Rica)', 'validFor': None, 'value': 'America/Costa_Rica'}, {'active': True, 'defaultValue': False, 'label': '(GMT-06:00) Mountain Daylight Time (America/Denver)', 'validFor': None, 'value': 'America/Denver'}, {'active': True, 'defaultValue': False, 'label': '(GMT-06:00) Mountain Daylight Time (America/Edmonton)', 'validFor': None, 'value': 'America/Edmonton'}, {'active': True, 'defaultValue': False, 'label': '(GMT-06:00) Central Standard Time (America/El_Salvador)', 'validFor': None, 'value': 'America/El_Salvador'}, {'active': True, 'defaultValue': False, 'label': '(GMT-06:00) Central Standard Time (America/Guatemala)', 'validFor': None, 'value': 'America/Guatemala'}, {'active': True, 'defaultValue': False, 'label': '(GMT-06:00) Mountain Daylight Time (America/Inuvik)', 'validFor': None, 'value': 'America/Inuvik'}, {'active': True, 'defaultValue': False, 'label': '(GMT-06:00) Central Standard Time (America/Managua)', 'validFor': None, 'value': 'America/Managua'}, {'active': True, 'defaultValue': False, 'label': '(GMT-06:00) Mexican Pacific Daylight Time (America/Mazatlan)', 'validFor': None, 'value': 'America/Mazatlan'}, {'active': True, 'defaultValue': False, 'label': '(GMT-06:00) Mountain Daylight Time (America/Ojinaga)', 'validFor': None, 'value': 'America/Ojinaga'}, {'active': True, 'defaultValue': False, 'label': '(GMT-06:00) Central Standard Time (America/Regina)', 'validFor': None, 'value': 'America/Regina'}, {'active': True, 'defaultValue': False, 'label': '(GMT-06:00) Central Standard Time (America/Swift_Current)', 'validFor': None, 'value': 'America/Swift_Current'}, {'active': True, 'defaultValue': False, 'label': '(GMT-06:00) Central Standard Time (America/Tegucigalpa)', 'validFor': None, 'value': 'America/Tegucigalpa'}, {'active': True, 'defaultValue': False, 'label': '(GMT-06:00) Mountain Daylight Time (America/Yellowknife)', 'validFor': None, 'value': 'America/Yellowknife'}, {'active': True, 'defaultValue': False, 'label': '(GMT-06:00) Galapagos Time (Pacific/Galapagos)', 'validFor': None, 'value': 'Pacific/Galapagos'}, {'active': True, 'defaultValue': False, 'label': '(GMT-07:00) Mountain Standard Time (America/Creston)', 'validFor': None, 'value': 'America/Creston'}, {'active': True, 'defaultValue': False, 'label': '(GMT-07:00) Mountain Standard Time (America/Dawson)', 'validFor': None, 'value': 'America/Dawson'}, {'active': True, 'defaultValue': False, 'label': '(GMT-07:00) Mountain Standard Time (America/Dawson_Creek)', 'validFor': None, 'value': 'America/Dawson_Creek'}, {'active': True, 'defaultValue': False, 'label': '(GMT-07:00) Mountain Standard Time (America/Fort_Nelson)', 'validFor': None, 'value': 'America/Fort_Nelson'}, {'active': True, 'defaultValue': False, 'label': '(GMT-07:00) Mexican Pacific Standard Time (America/Hermosillo)', 'validFor': None, 'value': 'America/Hermosillo'}, {'active': True, 'defaultValue': False, 'label': '(GMT-07:00) Pacific Daylight Time (America/Los_Angeles)', 'validFor': None, 'value': 'America/Los_Angeles'}, {'active': True, 'defaultValue': False, 'label': '(GMT-07:00) Mountain Standard Time (America/Phoenix)', 'validFor': None, 'value': 'America/Phoenix'}, {'active': True, 'defaultValue': False, 'label': '(GMT-07:00) Northwest Mexico Daylight Time (America/Santa_Isabel)', 'validFor': None, 'value': 'America/Santa_Isabel'}, {'active': True, 'defaultValue': False, 'label': '(GMT-07:00) Pacific Daylight Time (America/Tijuana)', 'validFor': None, 'value': 'America/Tijuana'}, {'active': True, 'defaultValue': False, 'label': '(GMT-07:00) Pacific Daylight Time (America/Vancouver)', 'validFor': None, 'value': 'America/Vancouver'}, {'active': True, 'defaultValue': False, 'label': '(GMT-07:00) Mountain Standard Time (America/Whitehorse)', 'validFor': None, 'value': 'America/Whitehorse'}, {'active': True, 'defaultValue': False, 'label': '(GMT-08:00) Alaska Daylight Time (America/Anchorage)', 'validFor': None, 'value': 'America/Anchorage'}, {'active': True, 'defaultValue': False, 'label': '(GMT-08:00) Alaska Daylight Time (America/Juneau)', 'validFor': None, 'value': 'America/Juneau'}, {'active': True, 'defaultValue': False, 'label': '(GMT-08:00) Alaska Daylight Time (America/Metlakatla)', 'validFor': None, 'value': 'America/Metlakatla'}, {'active': True, 'defaultValue': False, 'label': '(GMT-08:00) Alaska Daylight Time (America/Nome)', 'validFor': None, 'value': 'America/Nome'}, {'active': True, 'defaultValue': False, 'label': '(GMT-08:00) Alaska Daylight Time (America/Sitka)', 'validFor': None, 'value': 'America/Sitka'}, {'active': True, 'defaultValue': False, 'label': '(GMT-08:00) Alaska Daylight Time (America/Yakutat)', 'validFor': None, 'value': 'America/Yakutat'}, {'active': True, 'defaultValue': False, 'label': '(GMT-08:00) Pitcairn Time (Pacific/Pitcairn)', 'validFor': None, 'value': 'Pacific/Pitcairn'}, {'active': True, 'defaultValue': False, 'label': '(GMT-09:00) Hawaii-Aleutian Daylight Time (America/Adak)', 'validFor': None, 'value': 'America/Adak'}, {'active': True, 'defaultValue': False, 'label': '(GMT-09:00) Gambier Time (Pacific/Gambier)', 'validFor': None, 'value': 'Pacific/Gambier'}, {'active': True, 'defaultValue': False, 'label': '(GMT-09:30) Marquesas Time (Pacific/Marquesas)', 'validFor': None, 'value': 'Pacific/Marquesas'}, {'active': True, 'defaultValue': False, 'label': '(GMT-10:00) Hawaii-Aleutian Standard Time (Pacific/Honolulu)', 'validFor': None, 'value': 'Pacific/Honolulu'}, {'active': True, 'defaultValue': False, 'label': '(GMT-10:00) Hawaii-Aleutian Standard Time (Pacific/Johnston)', 'validFor': None, 'value': 'Pacific/Johnston'}, {'active': True, 'defaultValue': False, 'label': '(GMT-10:00) Cook Islands Standard Time (Pacific/Rarotonga)', 'validFor': None, 'value': 'Pacific/Rarotonga'}, {'active': True, 'defaultValue': False, 'label': '(GMT-10:00) Tahiti Time (Pacific/Tahiti)', 'validFor': None, 'value': 'Pacific/Tahiti'}, {'active': True, 'defaultValue': False, 'label': '(GMT-11:00) Samoa Standard Time (Pacific/Midway)', 'validFor': None, 'value': 'Pacific/Midway'}, {'active': True, 'defaultValue': False, 'label': '(GMT-11:00) Niue Time (Pacific/Niue)', 'validFor': None, 'value': 'Pacific/Niue'}, {'active': True, 'defaultValue': False, 'label': '(GMT-11:00) Samoa Standard Time (Pacific/Pago_Pago)', 'validFor': None, 'value': 'Pacific/Pago_Pago'}]",False,0,False,,[],,,False,False,True,0,False,xsd:string,Task,True,picklist,False,True,False
RecurrenceType,True,False,False,120,False,,False,False,,,True,False,,,False,False,False,0,False,False,False,,True,,False,True,False,False,False,,Recurrence Type,40,,,RecurrenceType,False,False,True,False,"[{'active': True, 'defaultValue': False, 'label': 'Recurs Daily', 'validFor': None, 'value': 'RecursDaily'}, {'active': True, 'defaultValue': False, 'label': 'Recurs Every Weekday', 'validFor': None, 'value': 'RecursEveryWeekday'}, {'active': True, 'defaultValue': False, 'label': 'Recurs Monthly', 'validFor': None, 'value': 'RecursMonthly'}, {'active': True, 'defaultValue': False, 'label': 'Recurs Monthly Nth', 'validFor': None, 'value': 'RecursMonthlyNth'}, {'active': True, 'defaultValue': False, 'label': 'Recurs Weekly', 'validFor': None, 'value': 'RecursWeekly'}, {'active': True, 'defaultValue': False, 'label': 'Recurs Yearly', 'validFor': None, 'value': 'RecursYearly'}, {'active': True, 'defaultValue': False, 'label': 'Recurs Yearly Nth', 'validFor': None, 'value': 'RecursYearlyNth'}]",False,0,False,,[],,,False,False,True,0,False,xsd:string,Task,True,picklist,False,True,False
ReminderDateTime,True,False,False,0,False,,False,False,,,True,False,,,False,False,False,0,False,False,False,,True,,False,False,False,False,False,,Reminder Date/Time,0,,,ReminderDateTime,False,False,True,False,[],False,0,False,,[],,,False,False,False,0,False,xsd:dateTime,Task,True,datetime,False,True,False
Status,True,False,False,765,False,,False,False,,,True,False,Not Started,,True,False,False,0,False,False,False,,True,,False,True,False,False,False,,Status,255,,,Status,False,False,False,False,"[{'active': True, 'defaultValue': True, 'label': 'Not Started', 'validFor': None, 'value': 'Not Started'}, {'active': True, 'defaultValue': False, 'label': 'In Progress', 'validFor': None, 'value': 'In Progress'}, {'active': True, 'defaultValue': False, 'label': 'Completed', 'validFor': None, 'value': 'Completed'}, {'active': True, 'defaultValue': False, 'label': 'Waiting on someone else', 'validFor': None, 'value': 'Waiting on someone else'}, {'active': True, 'defaultValue': False, 'label': 'Deferred', 'validFor': None, 'value': 'Deferred'}]",False,0,False,,[],,,False,False,False,0,False,xsd:string,Task,True,picklist,False,True,False
Subject,True,False,False,765,False,,False,False,,,True,False,,,False,False,False,0,False,False,False,,True,,False,False,False,False,False,,Subject,255,,,Subject,True,False,True,False,"[{'active': True, 'defaultValue': False, 'label': 'Call', 'validFor': None, 'value': 'Call'}, {'active': True, 'defaultValue': False, 'label': 'Email', 'validFor': None, 'value': 'Email'}, {'active': True, 'defaultValue': False, 'label': 'Send Letter', 'validFor': None, 'value': 'Send Letter'}, {'active': True, 'defaultValue': False, 'label': 'Send Quote', 'validFor': None, 'value': 'Send Quote'}, {'active': True, 'defaultValue': False, 'label': 'Other', 'validFor': None, 'value': 'Other'}]",False,0,False,,[],,,False,False,False,0,False,xsd:string,Task,True,combobox,False,True,False
SystemModstamp,True,False,False,0,False,,False,False,,,False,False,,,True,False,False,0,False,False,False,,True,,False,False,False,False,False,,System Modstamp,0,,,SystemModstamp,False,False,False,False,[],False,0,False,,[],,,False,False,False,0,False,xsd:dateTime,Task,True,datetime,False,False,False
TaskSubtype,True,False,False,120,False,,False,False,,,True,False,,,False,False,False,0,False,False,False,,True,,False,True,False,False,False,,Task Subtype,40,,,TaskSubtype,False,False,True,False,"[{'active': True, 'defaultValue': False, 'label': 'Task', 'validFor': None, 'value': 'Task'}, {'active': True, 'defaultValue': False, 'label': 'Email', 'validFor': None, 'value': 'Email'}, {'active': True, 'defaultValue': False, 'label': 'List Email', 'validFor': None, 'value': 'ListEmail'}, {'active': True, 'defaultValue': False, 'label': 'Cadence', 'validFor': None, 'value': 'Cadence'}, {'active': True, 'defaultValue': False, 'label': 'Call', 'validFor': None, 'value': 'Call'}]",False,0,False,,[],,,False,False,True,0,False,xsd:string,Task,True,picklist,False,False,False
WhatId,True,False,False,18,False,,False,False,,,True,False,,,False,False,False,0,False,False,False,,True,,False,True,False,False,False,,Related To ID,18,,,WhatId,False,True,True,True,[],True,0,False,,"['Account', 'ApptBundleAggrDurDnscale', 'ApptBundleAggrPolicy', 'ApptBundleConfig', 'ApptBundlePolicy', 'ApptBundlePolicySvcTerr', 'ApptBundlePropagatePolicy', 'ApptBundleRestrictPolicy', 'ApptBundleSortPolicy', 'Asset', 'AssetRelationship', 'AssetWarranty', 'AssignedResource', 'Campaign', 'Case', 'ChannelProgram', 'ChannelProgramLevel', 'CommSubscriptionConsent', 'ContactRequest', 'Contract', 'ContractLineItem', 'CreditMemo', 'DelegatedAccount', 'Entitlement', 'Expense', 'ExpenseReport', 'ExpenseReportEntry', 'GroupCensusMemberPlan', 'GroupClass', 'GroupClassContribution', 'Image', 'Invoice', 'LegalEntity', 'ListEmail', 'Location', 'MaintenanceAsset', 'MaintenancePlan', 'OperatingHoursHoliday', 'Opportunity', 'Order', 'PartnerFundAllocation', 'PartnerFundClaim', 'PartnerFundRequest', 'PartnerMarketingBudget', 'PartyConsent', 'ProcessException', 'Product2', 'ProductConsumed', 'ProductItem', 'ProductRequest', 'ProductRequestLineItem', 'ProductServiceCampaign', 'ProductServiceCampaignItem', 'ProductTransfer', 'ResourceAbsence', 'ReturnOrder', 'ReturnOrderLineItem', 'ServiceAppointment', 'ServiceContract', 'ServiceCrew', 'ServiceCrewMember', 'ServiceResource', 'Shift', 'ShiftPattern', 'ShiftPatternEntry', 'Shipment', 'ShipmentItem', 'Solution', 'TimeSheet', 'TimeSheetEntry', 'TravelMode', 'WarrantyTerm', 'WorkOrder', 'WorkOrderLineItem', 'WorkPlan', 'WorkPlanSelectionRule', 'WorkPlanTemplate', 'WorkPlanTemplateEntry', 'WorkStep', 'WorkStepTemplate']",What,,False,False,False,0,True,tns:ID,Task,True,reference,False,True,False
WhoId,True,False,False,18,False,,False,False,,,True,False,,,False,False,False,0,False,False,False,,True,,False,True,False,False,False,,Name ID,18,,,WhoId,False,True,True,True,[],True,0,False,,"['Contact', 'Lead']",Who,,False,False,False,0,True,tns:ID,Task,True,reference,False,True,False
